
INSERT INTO Address (addressID, street, zipCode, city) VALUES
	('0', 'Tiffany Livingston Street', '42521', 'East Marymouth'),
	('1', 'Emily Austin Drive', '31994', 'Clarkfort'),
	('2', 'George Jacobs Avenue', '91643', 'North Jillshire'),
	('3', 'Jorge Rodriguez Avenue', '93968', 'North Josephfurt'),
	('4', 'Katrina Carney Road', '54607', 'North Maryburgh'),
	('5', 'Cynthia Hall Road', '70191', 'Manningberg'),
	('6', 'Melanie Taylor MD Road', '20370', 'Lake Kathyshire'),
	('7', 'Jesse Franco Park', '22978', 'West Steven'),
	('8', 'James Butler Road', '71425', 'Port Laura'),
	('9', 'Sydney Dixon Road', '85770', 'East Chris'),
	('10', 'Mary Larson Drive', '96752', 'Mosesburgh'),
	('11', 'Darren Alvarez Road', '54417', 'Michelleburgh'),
	('12', 'Joshua Gallagher Street', '21136', 'West Christinaburgh'),
	('13', 'Rachel Hernandez Street', '14379', 'Richardsonborough'),
	('14', 'Claudia Smith Avenue', '12702', 'Jacquelineview'),
	('15', 'Rachel Franklin Avenue', '98550', 'North Michaelside'),
	('16', 'Caroline Dickerson Avenue', '73792', 'Wilsonland'),
	('17', 'Lauren Brown Drive', '72123', 'South Nicole'),
	('18', 'Melissa Jones Road', '49162', 'Paulburgh'),
	('19', 'Scott Lee Avenue', '15505', 'Jamestown'),
	('20', 'Devon Underwood Park', '31462', 'Heatherhaven'),
	('21', 'Patricia Hodges Avenue', '61057', 'Fritzton'),
	('22', 'Ashley Fox Drive', '62685', 'New Sheilaville'),
	('23', 'Micheal Bell Park', '27535', 'Mitchellmouth'),
	('24', 'Megan Chung Drive', '45288', 'Amystad'),
	('25', 'Bridget Day Drive', '66923', 'South Kelseyshire'),
	('26', 'Brandi Richardson Road', '93605', 'Tamiton'),
	('27', 'David David Park', '16824', 'Riverachester'),
	('28', 'Barbara Edwards Drive', '76965', 'New Michael'),
	('29', 'Bryan Johnson Park', '57752', 'Port Jamesbury'),
	('30', 'Timothy Caldwell Drive', '47128', 'Westburgh'),
	('31', 'Joseph Jackson Park', '56302', 'Derekstad'),
	('32', 'April Phillips Park', '36679', 'Joseside'),
	('33', 'Richard Stevenson Park', '33839', 'Ernesttown'),
	('34', 'Dawn Diaz Street', '88210', 'Jaclynton'),
	('35', 'Elizabeth Berry Park', '63931', 'East John'),
	('36', 'Kelly Scott Drive', '29722', 'Jacksonside'),
	('37', 'Timothy Williams Street', '65148', 'Wendychester'),
	('38', 'Shawn Barron Drive', '97487', 'Samanthaborough'),
	('39', 'Lindsey Thompson Avenue', '33674', 'Port Andrew'),
	('40', 'Sean Hernandez Park', '65156', 'South Jacob'),
	('41', 'Justin Lane Park', '25022', 'West Raymond'),
	('42', 'Sara West Avenue', '13883', 'Mollyfurt'),
	('43', 'Arthur Farley Road', '52548', 'Davistown'),
	('44', 'John Wilson Park', '27214', 'Philipchester'),
	('45', 'Kristen Fields Avenue', '27966', 'Stevensmouth'),
	('46', 'Craig Vaughan Avenue', '69556', 'Port Josechester'),
	('47', 'Kaylee Moore Drive', '99598', 'Nelsonshire');

INSERT INTO Contact (contactID, contactTitle, phoneNumber, emailAddress) VALUES
	('0', 'Jennifer Harvey', '+46713718393', 'erin74@example.org'),
	('1', 'Michelle Johnson', '+46733050541', 'whitedanny@example.net'),
	('2', 'Erin Cummings', '+46727426252', 'xwest@example.net'),
	('3', 'Jesse Doyle', '+46721629272', 'ipugh@example.org'),
	('4', 'Leslie Mcclure', '+46791633838', 'elizabethgreen@example.com'),
	('5', 'John West', '+46726468178', 'zjohnson@example.net'),
	('6', 'Matthew Barnett', '+46765956524', 'ytucker@example.net'),
	('7', 'Cassandra Watson', '+46761758048', 'kevinjohnson@example.com'),
	('8', 'Zachary Montoya', '+46790559373', 'smithrichard@example.org'),
	('9', 'Edward Benitez', '+46784020860', 'muellernicholas@example.net'),
	('10', 'Vanessa Strong', '+46726207984', 'ddelgado@example.com'),
	('11', 'Michele Smith', '+46796976635', 'kimberly98@example.org'),
	('12', 'Joseph Cantrell', '+46746551702', 'mcphersonkim@example.org'),
	('13', 'James Barrett', '+46737221116', 'htyler@example.com'),
	('14', 'Cindy Ramirez', '+46725563692', 'coledavis@example.net'),
	('15', 'Debra Cruz', '+46795287123', 'imckinney@example.net'),
	('16', 'Mrs. Tammy Poole', '+46716789254', 'ehernandez@example.org'),
	('17', 'Regina Ryan', '+46700375349', 'vford@example.net'),
	('18', 'John Walker', '+46748960828', 'iwolfe@example.org'),
	('19', 'James Carter', '+46715610505', 'powellryan@example.org'),
	('20', 'Randall Phillips', '+46731228418', 'yorkbrittany@example.org'),
	('21', 'Natalie Evans', '+46787093841', 'icampos@example.org'),
	('22', 'Dr. John Vasquez', '+46760186920', 'desireejones@example.com'),
	('23', 'Anne Sanchez', '+46729859023', 'deborah55@example.org'),
	('24', 'Anne Baker', '+46744299255', 'proberts@example.net'),
	('25', 'Mrs. Kimberly Patterson', '+46743630566', 'williamsrobert@example.com'),
	('26', 'Mr. Richard Kim', '+46741580711', 'ulucas@example.org'),
	('27', 'Perry Harris', '+46722649327', 'pamela41@example.com'),
	('28', 'George Bishop', '+46743910340', 'eskinner@example.net'),
	('29', 'Jeremy Jones', '+46707844731', 'rogersnathan@example.org'),
	('30', 'Michelle Carson', '+46753263150', 'ugonzalez@example.com'),
	('31', 'Nicole Anderson', '+46706916225', 'erika40@example.org'),
	('32', 'Ethan Turner', '+46792070699', 'terri60@example.com'),
	('33', 'Jennifer Howard', '+46775680044', 'ccobb@example.net'),
	('34', 'Brenda Lee', '+46758929096', 'thomas72@example.com'),
	('35', 'Austin Williams MD', '+46772816263', 'morganemily@example.org'),
	('36', 'Diane Ray', '+46702512628', 'ashleylee@example.org'),
	('37', 'Patricia Dudley DDS', '+46710244208', 'lisaparker@example.org'),
	('38', 'Chelsey Wood', '+46704825774', 'yeseniachoi@example.net'),
	('39', 'Mrs. Jennifer Curry', '+46733600528', 'fgutierrez@example.com'),
	('40', 'John Cox', '+46788771129', 'brycebarr@example.net'),
	('41', 'Angela Combs', '+46752638753', 'pamelahoward@example.net'),
	('42', 'Patricia Lee', '+46763305235', 'davidgray@example.com'),
	('43', 'Christopher Jimenez', '+46784539107', 'chouse@example.org'),
	('44', 'Stephanie Butler', '+46751204800', 'gsmith@example.net'),
	('45', 'Andrew Golden', '+46788045504', 'petermatthews@example.net'),
	('46', 'Joshua Gibson', '+46746067773', 'markbrown@example.net'),
	('47', 'Beth Rivera', '+46764961724', 'phillipsamy@example.net');

INSERT INTO Instrument (instrumentID, type, brand, price, monthRented, yearRented) VALUES
	('0', 'saw', 'Flying Tiger', '151', '7', '2020'),
	('1', 'spoon', 'IKEA', '290', '6', '2021'),
	('2', 'flute', 'Stradivarius', '10', '2', '2021'),
	('3', 'piano', 'IKEA', '153', '5', '2021'),
	('4', 'flute', 'Flying Tiger', '492', '5', '2020'),
	('5', 'harmonica', 'home made', '299', '8', '2022'),
	('6', 'drums', 'home made', '360', '11', '2022'),
	('7', 'guitar', 'Stradivarius', '199', '4', '2022'),
	('8', 'spoon', 'Stradivarius', '412', '2', '2021'),
	('9', 'harmonica', 'home made', '333', '11', '2022'),
	('10', 'piano', 'IKEA', '340', '11', '2021'),
	('11', 'theremin', 'Flying Tiger', '115', '10', '2022'),
	('12', 'drums', 'Stradivarius', '12', '8', '2020'),
	('13', 'bass', 'IKEA', '198', '1', '2019'),
	('14', 'harmonica', 'Stradivarius', '211', '1', '2022'),
	('15', 'bass', 'Flying Tiger', '354', '8', '2019'),
	('16', 'spoon', 'Stradivarius', '395', '9', '2022'),
	('17', 'flute', 'Flying Tiger', '368', '9', '2019'),
	('18', 'saw', 'Stradivarius', '215', '7', '2022'),
	('19', 'saw', 'Flying Tiger', '422', '9', '2022'),
	('20', 'saw', 'IKEA', '417'),
	('21', 'piano', 'Flying Tiger', '240', '9', '2019'),
	('22', 'piano', 'home made', '251'),
	('23', 'piano', 'IKEA', '347'),
	('24', 'saw', 'IKEA', '196'),
	('25', 'harmonica', 'Flying Tiger', '98', '6', '2020'),
	('26', 'guitar', 'Stradivarius', '195', '11', '2022'),
	('27', 'spoon', 'home made', '423', '9', '2022'),
	('28', 'saw', 'home made', '347'),
	('29', 'piano', 'home made', '374'),
	('30', 'bass', 'IKEA', '305', '10', '2022'),
	('31', 'drums', 'Flying Tiger', '407', '4', '2021'),
	('32', 'spoon', 'home made', '149', '1', '2020'),
	('33', 'theremin', 'Flying Tiger', '471', '1', '2020'),
	('34', 'drums', 'IKEA', '288', '11', '2021'),
	('35', 'guitar', 'Flying Tiger', '138'),
	('36', 'bass', 'home made', '500', '8', '2022'),
	('37', 'harmonica', 'Stradivarius', '70'),
	('38', 'harmonica', 'IKEA', '74'),
	('39', 'saw', 'Stradivarius', '214'),
	('40', 'drums', 'Stradivarius', '383', '10', '2019'),
	('41', 'theremin', 'IKEA', '115', '9', '2022'),
	('42', 'flute', 'home made', '472', '11', '2022'),
	('43', 'bass', 'home made', '401'),
	('44', 'drums', 'Stradivarius', '131'),
	('45', 'theremin', 'Stradivarius', '357'),
	('46', 'bass', 'home made', '365'),
	('47', 'harmonica', 'Stradivarius', '131'),
	('48', 'spoon', 'IKEA', '35'),
	('49', 'flute', 'IKEA', '454', '12', '2021'),
	('50', 'theremin', 'home made', '421'),
	('51', 'harmonica', 'IKEA', '265'),
	('52', 'piano', 'Flying Tiger', '225'),
	('53', 'piano', 'Flying Tiger', '21'),
	('54', 'harmonica', 'Flying Tiger', '460'),
	('55', 'flute', 'home made', '488'),
	('56', 'saw', 'Flying Tiger', '19'),
	('57', 'harmonica', 'Flying Tiger', '103'),
	('58', 'drums', 'Stradivarius', '366'),
	('59', 'piano', 'Flying Tiger', '206'),
	('60', 'drums', 'Stradivarius', '219'),
	('61', 'bass', 'home made', '27'),
	('62', 'harmonica', 'Flying Tiger', '257'),
	('63', 'piano', 'Stradivarius', '185'),
	('64', 'guitar', 'IKEA', '215'),
	('65', 'guitar', 'Stradivarius', '200');

INSERT INTO Price (lessonType, cost) VALUES
	('individual', '49'),
	('group', '39'),
	('ensamble', '29');

INSERT INTO Person (personID, teacherID, addressID, personNumber, fullName) VALUES
	('0', '0', '0', '1988364720', 'Kevin Harris'),
	('1', '1', '1', '19698164777', 'Ashley Kane'),
	('2', '2', '2', '201112168292', 'Dr. Elizabeth Mcdaniel'),
	('3', '3', '3', '2001136060', 'Leslie Miller'),
	('4', '4', '4', '19821298055', 'Kenneth Coleman'),
	('5', '5', '5', '201012105790', 'Alexa Williams'),
	('6', '6', '6', '19688277558', 'Stacey Delacruz'),
	('7', '7', '7', '20043309307', 'James Santos'),
	('8', '8', '8', '19782133348', 'Shannon Simon'),
	('9', '9', '9', '19789289720', 'Deborah Morton'),
	('10', '10', '10', '20166167117', 'Scott Hoover'),
	('11', '11', '11', '1961378553', 'Erin Rowe'),
	('12', '12', '12', '19897143842', 'Luis Ayala'),
	('13', '13', '13', '19757307557', 'Shirley King'),
	('14', '14', '14', '201211178434', 'Angela Mcintosh'),
	('15', '15', '15', '1995457167', 'Jennifer Hammond'),
	('16', '16', '16', '19664137840', 'Kenneth Wood'),
	('17', '17', '17', '2009381889', 'Kevin Mejia'),
	('18', '18', '18', '19722257177', 'Mr. Matthew Vargas MD'),
	('19', '19', '19', '197312296780', 'Megan Hall'),
	('20', '20', '20', '2016188468', 'Tyler Castillo'),
	('21', '21', '21', '2003811579', 'Katherine Stokes'),
	('22', '22', '22', '19786157092', 'Amy Lambert'),
	('23', '23', '23', '199912167635', 'Brian Watson'),
	('24', '24', '24', '19611102573', 'Jennifer Petersen'),
	('25', '25', '25', '19942204682', 'Yolanda Brown'),
	('26', '26', '26', '1971415255', 'Robert Richardson'),
	('27', '27', '27', '20147173357', 'Jason Love'),
	('28', '28', '28', '20169155388', 'Samuel Brooks'),
	('29', '29', '29', '19797159022', 'Samantha Reid'),
	('30', '30', '30', '19818292249', 'Julie Gordon'),
	('31', '31', '31', '1996917801', 'Derek Williams'),
	('32', '32', '32', '201510304998', 'Vanessa Martinez'),
	('33', '33', '33', '199010138260', 'Charles White'),
	('34', '34', '34', '19991165174', 'Allen Drake'),
	('35', '35', '35', '20108178258', 'Timothy Scott'),
	('36', '36', '36', '19996207396', 'Michelle Ferguson'),
	('37', '37', '37', '1966477358', 'Joshua Jones'),
	('38', '38', '38', '20139215662', 'James Lopez'),
	('39', '39', '39', '19789163280', 'Amy Martin'),
	('40', '0', '40', '198611245837', 'Keith Walker'),
	('41', '1', '41', '19672136664', 'Michael Kennedy'),
	('42', '2', '42', '19721212296', 'Deborah Hess'),
	('43', '3', '43', '199511197477', 'Robert Wells'),
	('44', '4', '44', '19996299159', 'Bryan Gonzales'),
	('45', '5', '45', '19885104079', 'Gerald White'),
	('46', '6', '46', '19673172395', 'Michael Jones'),
	('47', '7', '47', '20136296535', 'Heidi Henry'),
	('48', '8', '48', '20085135027', 'Laurie Brown'),
	('49', '9', '49', '19721256747', 'Matthew Cisneros'),
	('50', '10', '50', '20059291431', 'Michael White'),
	('51', '11', '51', '19787227234', 'Nicole Chavez'),
	('52', '12', '52', '1993777846', 'Sara Howard'),
	('53', '13', '53', '20131183124', 'Stacy Summers'),
	('54', '14', '54', '2008715136', 'William Chaney'),
	('55', '15', '55', '198112275261', 'Jared Jefferson'),
	('56', '16', '56', '20114232692', 'Amanda Brown'),
	('57', '17', '57', '19608182276', 'Daniel Burnett'),
	('58', '18', '58', '19978206357', 'Robert King'),
	('59', '19', '59', '198412266684', 'Lisa Lee'),
	('60', '20', '60', '20167177036', 'Joseph Pacheco'),
	('61', '21', '61', '200312229616', 'Emily Mitchell'),
	('62', '22', '62', '20159156741', 'Juan Miller'),
	('63', '23', '63', '19616176802', 'Jacqueline Conner'),
	('64', '24', '64', '1963937071', 'Tyler Oconnor'),
	('65', '25', '65', '19791132414', 'Austin Medina'),
	('66', '26', '66', '200711281523', 'Nicholas Moore'),
	('67', '27', '67', '1967617551', 'Troy Miller'),
	('68', '28', '68', '197210133492', 'Shane Charles'),
	('69', '29', '69', '198011137845', 'Julie Johnson'),
	('70', '30', '70', '1971197831', 'Catherine Ballard'),
	('71', '31', '71', '20082197006', 'Zachary Richards'),
	('72', '32', '72', '19721138893', 'Larry Cantrell DDS'),
	('73', '33', '73', '197611299507', 'Henry Jones'),
	('74', '34', '74', '20001292462', 'Marilyn Avery'),
	('75', '35', '75', '19631039602', 'Micheal Ross'),
	('76', '36', '76', '19998277265', 'Jennifer Lam'),
	('77', '37', '77', '19744281080', 'Ryan Moore'),
	('78', '38', '78', '20097193649', 'Joseph Johnson'),
	('79', '39', '79', '2009454591', 'Victoria Phillips'),
	('80', '40', '80', '20141027238', 'Albert Valenzuela'),
	('81', '41', '81', '19668158776', 'Elizabeth Ramirez'),
	('82', '42', '82', '19732294837', 'Mrs. Heather Schultz'),
	('83', '43', '83', '19839204409', 'Thomas Stone'),
	('84', '44', '84', '19633159764', 'Daniel Simmons'),
	('85', '45', '85', '20128205852', 'Melanie Patel'),
	('86', '46', '86', '19831296140', 'Jason Trujillo'),
	('87', '47', '87', '19891235790', 'Albert Malone'),
	('88', '48', '0', '19663129141', 'Alexis Nguyen'),
	('89', '49', '1', '20012272866', 'Emily Watkins'),
	('90', '50', '2', '196411122535', 'Cheyenne Schroeder'),
	('91', '51', '3', '20062297916', 'John Gates'),
	('92', '52', '4', '19632302408', 'Jason Salas'),
	('93', '53', '5', '1970346447', 'Melissa Hart'),
	('94', '54', '6', '20157155857', 'Jerry Harrington'),
	('95', '55', '7', '20108216762', 'Katherine Davis'),
	('96', '56', '8', '201611187046', 'Anthony Wilkerson'),
	('97', '57', '9', '1983595191', 'Barbara Nelson'),
	('98', '58', '10', '19651211380', 'Cheryl Morrison'),
	('99', '59', '11', '20109163035', 'Abigail Jensen');

INSERT INTO KnownInstrument (personID, instrument) VALUES
	('0', 'spoon'),
	('1', 'bass'),
	('2', 'bass'),
	('3', 'theremin'),
	('4', 'harmonica'),
	('5', 'guitar'),
	('6', 'spoon'),
	('7', 'saw'),
	('8', 'flute'),
	('9', 'guitar'),
	('10', 'drums'),
	('11', 'piano'),
	('12', 'spoon'),
	('13', 'guitar'),
	('14', 'spoon'),
	('15', 'guitar'),
	('16', 'theremin'),
	('17', 'saw'),
	('18', 'flute'),
	('19', 'theremin'),
	('20', 'flute'),
	('21', 'bass'),
	('22', 'spoon'),
	('23', 'flute'),
	('24', 'spoon'),
	('25', 'saw'),
	('26', 'theremin'),
	('27', 'piano'),
	('28', 'piano'),
	('29', 'flute'),
	('30', 'harmonica'),
	('31', 'piano'),
	('32', 'flute'),
	('33', 'saw'),
	('34', 'saw'),
	('35', 'piano'),
	('36', 'saw'),
	('37', 'piano'),
	('38', 'theremin'),
	('39', 'guitar'),
	('40', 'flute'),
	('41', 'saw'),
	('42', 'flute'),
	('43', 'singing'),
	('44', 'harmonica'),
	('45', 'spoon'),
	('46', 'harmonica'),
	('47', 'bass'),
	('48', 'theremin'),
	('49', 'piano'),
	('50', 'harmonica'),
	('51', 'singing'),
	('52', 'theremin'),
	('53', 'bass'),
	('54', 'piano'),
	('55', 'harmonica'),
	('56', 'saw'),
	('57', 'drums'),
	('58', 'flute'),
	('59', 'spoon'),
	('60', 'drums'),
	('61', 'bass'),
	('62', 'piano'),
	('63', 'flute'),
	('64', 'bass'),
	('65', 'spoon'),
	('66', 'guitar'),
	('67', 'spoon'),
	('68', 'flute'),
	('69', 'drums'),
	('70', 'drums'),
	('71', 'guitar'),
	('72', 'drums'),
	('73', 'saw'),
	('74', 'theremin'),
	('75', 'spoon'),
	('76', 'piano'),
	('77', 'flute'),
	('78', 'drums'),
	('79', 'flute'),
	('80', 'bass'),
	('81', 'drums'),
	('82', 'theremin'),
	('83', 'spoon'),
	('84', 'drums'),
	('85', 'spoon'),
	('86', 'theremin'),
	('87', 'bass'),
	('88', 'theremin'),
	('89', 'spoon'),
	('90', 'guitar'),
	('91', 'guitar'),
	('92', 'drums'),
	('93', 'piano'),
	('94', 'flute'),
	('95', 'bass'),
	('96', 'drums'),
	('97', 'harmonica'),
	('98', 'bass'),
	('99', 'theremin'),
	('0', 'bass'),
	('1', 'drums'),
	('2', 'singing'),
	('3', 'spoon'),
	('4', 'theremin'),
	('5', 'flute'),
	('6', 'guitar'),
	('7', 'drums'),
	('8', 'bass'),
	('9', 'harmonica'),
	('10', 'harmonica'),
	('11', 'saw'),
	('12', 'bass'),
	('13', 'drums'),
	('14', 'harmonica'),
	('15', 'harmonica'),
	('16', 'piano'),
	('17', 'spoon'),
	('18', 'saw'),
	('19', 'singing'),
	('20', 'spoon'),
	('21', 'drums'),
	('22', 'bass'),
	('23', 'harmonica'),
	('24', 'harmonica'),
	('25', 'singing'),
	('26', 'drums'),
	('27', 'theremin'),
	('28', 'guitar'),
	('29', 'spoon'),
	('30', 'theremin'),
	('31', 'drums'),
	('32', 'piano'),
	('33', 'harmonica'),
	('34', 'singing'),
	('35', 'spoon'),
	('36', 'theremin'),
	('37', 'harmonica'),
	('38', 'flute'),
	('39', 'bass'),
	('40', 'harmonica'),
	('41', 'guitar'),
	('42', 'harmonica'),
	('43', 'drums'),
	('44', 'saw'),
	('45', 'saw'),
	('46', 'theremin'),
	('47', 'flute'),
	('48', 'singing'),
	('49', 'drums');

INSERT INTO PersonContact (personID, contactID) VALUES
	('40', '0'),
	('41', '1'),
	('42', '2'),
	('43', '3'),
	('44', '4'),
	('45', '5'),
	('46', '6'),
	('47', '7'),
	('48', '8'),
	('49', '9'),
	('50', '10'),
	('51', '11'),
	('52', '12'),
	('53', '13'),
	('54', '14'),
	('55', '15'),
	('56', '16'),
	('57', '17'),
	('58', '18'),
	('59', '19'),
	('60', '20'),
	('61', '21'),
	('62', '22'),
	('63', '23'),
	('64', '24'),
	('65', '25'),
	('66', '26'),
	('67', '27'),
	('68', '28'),
	('69', '29'),
	('70', '30'),
	('71', '31'),
	('72', '32'),
	('73', '33'),
	('74', '34'),
	('75', '35'),
	('76', '36'),
	('77', '37'),
	('78', '38'),
	('79', '39'),
	('80', '40'),
	('81', '41'),
	('82', '42'),
	('83', '43'),
	('84', '44'),
	('85', '45'),
	('86', '46'),
	('87', '47'),
	('88', '0'),
	('89', '1'),
	('90', '2'),
	('91', '3'),
	('92', '4'),
	('93', '5'),
	('94', '6'),
	('95', '7'),
	('96', '8'),
	('97', '9'),
	('98', '10'),
	('99', '11');

INSERT INTO Teacher (teacherID, personID, teachesEnsambles) VALUES
	('0', '0', 'True'),
	('1', '1', 'True'),
	('2', '2', 'True'),
	('3', '3', 'True'),
	('4', '4', 'True'),
	('5', '5', 'False'),
	('6', '6', 'True'),
	('7', '7', 'True'),
	('8', '8', 'True'),
	('9', '9', 'True'),
	('10', '10', 'False'),
	('11', '11', 'False'),
	('12', '12', 'True'),
	('13', '13', 'False'),
	('14', '14', 'True'),
	('15', '15', 'True'),
	('16', '16', 'True'),
	('17', '17', 'True'),
	('18', '18', 'True'),
	('19', '19', 'True'),
	('20', '20', 'True'),
	('21', '21', 'True'),
	('22', '22', 'True'),
	('23', '23', 'True'),
	('24', '24', 'True'),
	('25', '25', 'True'),
	('26', '26', 'True'),
	('27', '27', 'True'),
	('28', '28', 'True'),
	('29', '29', 'True'),
	('30', '30', 'True'),
	('31', '31', 'True'),
	('32', '32', 'False'),
	('33', '33', 'True'),
	('34', '34', 'True'),
	('35', '35', 'True'),
	('36', '36', 'True'),
	('37', '37', 'True'),
	('38', '38', 'True'),
	('39', '39', 'True');

INSERT INTO Student (studentID, personID, admitted) VALUES
	('0', '40', 'True'),
	('1', '41', 'True'),
	('2', '42', 'True'),
	('3', '43', 'True'),
	('4', '44', 'True'),
	('5', '45', 'True'),
	('6', '46', 'False'),
	('7', '47', 'True'),
	('8', '48', 'False'),
	('9', '49', 'True'),
	('10', '50', 'True'),
	('11', '51', 'True'),
	('12', '52', 'True'),
	('13', '53', 'True'),
	('14', '54', 'True'),
	('15', '55', 'True'),
	('16', '56', 'True'),
	('17', '57', 'False'),
	('18', '58', 'True'),
	('19', '59', 'False'),
	('20', '60', 'True'),
	('21', '61', 'True'),
	('22', '62', 'True'),
	('23', '63', 'True'),
	('24', '64', 'True'),
	('25', '65', 'True'),
	('26', '66', 'True'),
	('27', '67', 'True'),
	('28', '68', 'True'),
	('29', '69', 'True'),
	('30', '70', 'True'),
	('31', '71', 'True'),
	('32', '72', 'True'),
	('33', '73', 'True'),
	('34', '74', 'True'),
	('35', '75', 'True'),
	('36', '76', 'True'),
	('37', '77', 'True'),
	('38', '78', 'True'),
	('39', '79', 'False'),
	('40', '80', 'True'),
	('41', '81', 'True'),
	('42', '82', 'True'),
	('43', '83', 'True'),
	('44', '84', 'True'),
	('45', '85', 'True'),
	('46', '86', 'True'),
	('47', '87', 'True');

INSERT INTO Lesson (lessonID, skill, lessonType, teacherID) VALUES
	('0', 'intermediate', 'individual', '19'),
	('1', 'advanced', 'ensamble', '20'),
	('2', 'advanced', 'individual', '14'),
	('3', 'advanced', 'group', '27'),
	('4', 'beginner', 'group', '34'),
	('5', 'intermediate', 'group', '21'),
	('6', 'intermediate', 'group', '9'),
	('7', 'beginner', 'group', '39'),
	('8', 'advanced', 'ensamble', '34'),
	('9', 'beginner', 'ensamble', '35'),
	('10', 'beginner', 'ensamble', '17'),
	('11', 'beginner', 'individual', '1'),
	('12', 'advanced', 'individual', '22'),
	('13', 'beginner', 'individual', '30'),
	('14', 'advanced', 'ensamble', '7'),
	('15', 'beginner', 'group', '26'),
	('16', 'advanced', 'group', '16'),
	('17', 'beginner', 'group', '23'),
	('18', 'beginner', 'individual', '1'),
	('19', 'beginner', 'group', '25'),
	('20', 'beginner', 'ensamble', '29'),
	('21', 'intermediate', 'group', '5'),
	('22', 'intermediate', 'group', '13'),
	('23', 'advanced', 'individual', '39'),
	('24', 'advanced', 'group', '23'),
	('25', 'intermediate', 'group', '32'),
	('26', 'intermediate', 'ensamble', '28'),
	('27', 'advanced', 'individual', '6'),
	('28', 'intermediate', 'individual', '10'),
	('29', 'beginner', 'group', '15'),
	('30', 'intermediate', 'ensamble', '3'),
	('31', 'advanced', 'ensamble', '28'),
	('32', 'advanced', 'individual', '34'),
	('33', 'beginner', 'group', '13'),
	('34', 'beginner', 'individual', '16'),
	('35', 'beginner', 'individual', '11'),
	('36', 'advanced', 'group', '0'),
	('37', 'intermediate', 'ensamble', '16');

INSERT INTO Siblings (studentID, siblingID) VALUES
	('88', '0'),
	('89', '1'),
	('90', '2'),
	('91', '3'),
	('92', '4'),
	('93', '5'),
	('94', '6'),
	('95', '7'),
	('96', '8'),
	('97', '9'),
	('98', '10'),
	('99', '11');

INSERT INTO StudentInstrument (studentID, instrumentID) VALUES
	('0', '2'),
	('1', '0'),
	('2', '4'),
	('4', '5'),
	('5', '1'),
	('6', '9'),
	('7', '13'),
	('8', '11'),
	('9', '3'),
	('10', '14'),
	('12', '33'),
	('13', '15'),
	('14', '10'),
	('15', '25'),
	('16', '18'),
	('17', '6'),
	('18', '17'),
	('19', '8'),
	('20', '12'),
	('21', '30'),
	('22', '21'),
	('23', '42'),
	('24', '36'),
	('25', '16'),
	('26', '7'),
	('27', '27'),
	('28', '49'),
	('29', '31'),
	('30', '34'),
	('31', '26'),
	('32', '40'),
	('33', '19'),
	('34', '41'),
	('35', '32');

INSERT INTO GroupLesson (lessonID, maxStudents, minStudents, instrument) VALUES
	('3', '4', '3', 'drums'),
	('4', '9', '4', 'guitar'),
	('5', '9', '3', 'piano'),
	('6', '9', '3', 'guitar'),
	('7', '8', '4', 'harmonica'),
	('15', '7', '4', 'theremin'),
	('16', '7', '3', 'saw'),
	('17', '4', '4', 'flute'),
	('19', '9', '2', 'saw'),
	('21', '9', '4', 'piano'),
	('22', '8', '3', 'piano'),
	('24', '10', '3', 'piano'),
	('25', '9', '4', 'harmonica'),
	('29', '4', '3', 'flute'),
	('33', '8', '4', 'harmonica'),
	('36', '10', '4', 'guitar');

INSERT INTO Ensamble (lessonID, minStudents, maxStudents, genre) VALUES
	('1', '2', '6', 'classical'),
	('8', '3', '8', 'idm'),
	('9', '3', '4', 'classical'),
	('10', '4', '5', 'punk'),
	('14', '2', '2', 'silence'),
	('20', '4', '9', 'jazz'),
	('26', '4', '4', 'pop'),
	('30', '4', '4', 'jazz'),
	('31', '4', '6', 'rock'),
	('37', '3', '5', 'electronica');

INSERT INTO IndividualLesson (lessonID, instrument) VALUES
	('0', 'harmonica'),
	('2', 'harmonica'),
	('11', 'drums'),
	('12', 'flute'),
	('13', 'theremin'),
	('18', 'spoon'),
	('23', 'saw'),
	('27', 'saw'),
	('28', 'bass'),
	('32', 'theremin'),
	('34', 'flute'),
	('35', 'saw');

INSERT INTO StudentLesson (studentID, lessonID) VALUES
	('15', '0'),
	('55', '1'),
	('34', '1'),
	('37', '1'),
	('13', '1'),
	('57', '1'),
	('14', '1'),
	('10', '2'),
	('11', '3'),
	('30', '3'),
	('8', '3'),
	('47', '4'),
	('11', '4'),
	('30', '4'),
	('19', '4'),
	('25', '5'),
	('51', '5'),
	('1', '5'),
	('33', '5'),
	('6', '5'),
	('4', '5'),
	('40', '5'),
	('20', '5'),
	('18', '6'),
	('12', '6'),
	('47', '6'),
	('44', '6'),
	('27', '6'),
	('30', '6'),
	('30', '7'),
	('19', '7'),
	('17', '7'),
	('5', '7'),
	('17', '8'),
	('38', '8'),
	('5', '8'),
	('4', '8'),
	('49', '8'),
	('53', '9'),
	('13', '9'),
	('57', '9'),
	('1', '10'),
	('2', '10'),
	('28', '10'),
	('16', '10'),
	('32', '10'),
	('48', '11'),
	('54', '12'),
	('38', '13'),
	('35', '14'),
	('30', '14'),
	('54', '15'),
	('36', '15'),
	('29', '15'),
	('1', '15'),
	('21', '16'),
	('27', '16'),
	('1', '16'),
	('34', '16'),
	('59', '16'),
	('14', '16'),
	('2', '17'),
	('35', '17'),
	('14', '17'),
	('11', '17'),
	('39', '18'),
	('14', '19'),
	('55', '19'),
	('10', '19'),
	('19', '19'),
	('15', '20'),
	('27', '20'),
	('54', '20'),
	('56', '20'),
	('25', '20'),
	('19', '20'),
	('24', '20'),
	('40', '21'),
	('59', '21'),
	('24', '21'),
	('34', '21'),
	('2', '21'),
	('48', '21'),
	('43', '21'),
	('52', '21'),
	('41', '22'),
	('49', '22'),
	('54', '22'),
	('52', '23'),
	('16', '24'),
	('19', '24'),
	('33', '24'),
	('38', '24'),
	('12', '24'),
	('46', '24'),
	('10', '24'),
	('25', '25'),
	('10', '25'),
	('45', '25'),
	('29', '25'),
	('48', '25'),
	('1', '25'),
	('15', '25'),
	('37', '25'),
	('53', '25'),
	('13', '26'),
	('6', '26'),
	('46', '26'),
	('32', '26'),
	('59', '27'),
	('53', '28'),
	('1', '29'),
	('48', '29'),
	('29', '29'),
	('33', '30'),
	('52', '30'),
	('32', '30'),
	('18', '30'),
	('26', '31'),
	('57', '31'),
	('18', '31'),
	('23', '31'),
	('49', '31'),
	('27', '32'),
	('43', '33'),
	('35', '33'),
	('52', '33'),
	('31', '33'),
	('45', '33'),
	('50', '33'),
	('27', '34'),
	('18', '35'),
	('53', '36'),
	('15', '36'),
	('25', '36'),
	('51', '36'),
	('59', '36'),
	('23', '36'),
	('1', '36'),
	('46', '36'),
	('44', '36'),
	('55', '37'),
	('22', '37'),
	('57', '37'),
	('51', '37'),
	('38', '37');

INSERT INTO TimeSlot (timeSlotID, teacherID, date, time) VALUES
	('0', '0', '2012-05-25', '21:45:33'),
	('1', '1', '1983-09-13', '15:56:58'),
	('2', '2', '1983-08-21', '00:33:02'),
	('3', '3', '1984-06-25', '00:22:01'),
	('4', '4', '1976-05-21', '03:43:39'),
	('5', '5', '1985-12-30', '16:52:47'),
	('6', '6', '1982-12-23', '15:05:34'),
	('7', '7', '2015-09-08', '00:23:42'),
	('8', '8', '2006-10-12', '23:10:20'),
	('9', '9', '1989-12-06', '05:14:24'),
	('10', '10', '2009-07-18', '00:10:25'),
	('11', '11', '2012-10-09', '12:15:32'),
	('12', '12', '1976-11-18', '17:19:10'),
	('13', '13', '2016-01-22', '21:47:16'),
	('14', '14', '2022-04-01', '20:58:47'),
	('15', '15', '2018-08-23', '20:33:40'),
	('16', '16', '2005-08-15', '10:57:22'),
	('17', '17', '1971-07-04', '15:58:22'),
	('18', '18', '1995-05-13', '23:17:46'),
	('19', '19', '1986-07-12', '10:26:09'),
	('20', '20', '1983-04-30', '05:43:25'),
	('21', '21', '1973-08-15', '19:11:02'),
	('22', '22', '1976-10-26', '17:52:05'),
	('23', '23', '1982-08-03', '08:17:35'),
	('24', '24', '2000-08-02', '20:36:48'),
	('25', '25', '1994-10-04', '17:09:55'),
	('26', '26', '1997-07-19', '15:31:37'),
	('27', '27', '1997-05-03', '18:53:25'),
	('28', '28', '2001-04-04', '07:54:28'),
	('29', '29', '1978-01-18', '22:23:53'),
	('30', '30', '1976-06-02', '17:33:35'),
	('31', '31', '2001-10-04', '23:22:34'),
	('32', '32', '1981-12-17', '17:30:13'),
	('33', '33', '2009-07-06', '22:27:04'),
	('34', '34', '1970-04-09', '13:16:00'),
	('35', '35', '1972-05-18', '21:15:26'),
	('36', '36', '2016-02-09', '11:00:34'),
	('37', '37', '1989-01-09', '06:58:23'),
	('38', '38', '1998-01-25', '21:08:35'),
	('39', '39', '2008-10-13', '13:25:49');
