
INSERT INTO Address (addressID, street, zipCode, city) VALUES
	(0, 'Lori Morris Avenue', 22296, 'South Jennifer'),
	(1, 'Curtis Morgan Street', 44250, 'West Jessica'),
	(2, 'Philip Reed Road', 38969, 'Christophermouth'),
	(3, 'Jodi Mccann Drive', 93424, 'West Erin'),
	(4, 'Evelyn Oneal Road', 64622, 'Kelleyville'),
	(5, 'Michael Smith Drive', 83981, 'Port Frank'),
	(6, 'David Pope Avenue', 52830, 'North Beverlychester'),
	(7, 'Dale Monroe Avenue', 99613, 'Brentfurt'),
	(8, 'Lisa Patrick Park', 55882, 'East Jordanside'),
	(9, 'Nancy Young Avenue', 18716, 'East Ericview'),
	(10, 'Manuel Smith Drive', 46316, 'Mcgrathhaven'),
	(11, 'Lisa Owens Avenue', 90962, 'Tonyport'),
	(12, 'Brittany Simmons Street', 63050, 'West Rebecca'),
	(13, 'Robert Wood Road', 88864, 'South Triciafort'),
	(14, 'Crystal Parks Drive', 37179, 'Danielport'),
	(15, 'Melissa Ryan Avenue', 43514, 'New Amandabury'),
	(16, 'John Donaldson Road', 83516, 'Port Cheryl'),
	(17, 'Barbara Madden Drive', 74292, 'Ramirezmouth'),
	(18, 'Christopher Kramer Road', 67115, 'East Teresafort'),
	(19, 'Andrea Scott Road', 85271, 'Williamsland'),
	(20, 'Alexis Jenkins Park', 40402, 'East Rebeccaview'),
	(21, 'James Welch Street', 36309, 'Lake Reneechester'),
	(22, 'Latoya Williams Avenue', 48072, 'Leonardside'),
	(23, 'Mary Brown Park', 76037, 'Marissaside'),
	(24, 'Erin Lewis Road', 33279, 'North Danatown'),
	(25, 'Stephanie Stewart Avenue', 99757, 'East Brian'),
	(26, 'Michael Brooks Drive', 39683, 'Sarahside'),
	(27, 'Kayla Nichols Park', 76929, 'Hansenmouth'),
	(28, 'Patricia Kaufman Drive', 22106, 'North Shannon'),
	(29, 'Ashley Baker Drive', 65465, 'East Patriciaborough'),
	(30, 'David Williams Street', 69015, 'Harrisstad'),
	(31, 'Sheri Hicks Park', 14691, 'West Calebfort'),
	(32, 'Kristin Terrell Avenue', 79034, 'West Kennethport'),
	(33, 'Roger Le Road', 82260, 'Bushfort'),
	(34, 'James Buchanan Street', 85968, 'Amytown'),
	(35, 'Heather Richards Drive', 21194, 'Port Alisonchester'),
	(36, 'James Johnson Park', 87561, 'West Michael'),
	(37, 'Madison Ramirez Park', 50421, 'East Colin'),
	(38, 'Raymond Williamson Road', 79708, 'West Sandra'),
	(39, 'Mark Ruiz Avenue', 78770, 'Michelleland'),
	(40, 'Jeffrey Cardenas Avenue', 32198, 'Lake Ashley'),
	(41, 'Jason Oliver Road', 20681, 'South Judithton'),
	(42, 'Michelle Jones Avenue', 99809, 'East Amberstad'),
	(43, 'Lori Combs Avenue', 22006, 'Melissamouth'),
	(44, 'Joy Mathis Avenue', 53830, 'Evansview'),
	(45, 'Eric Weeks Drive', 40239, 'New Brian'),
	(46, 'Chris Harris Drive', 40841, 'New Cynthiachester'),
	(47, 'Jeanette Griffith Street', 59861, 'Cisnerosfort');

INSERT INTO Contact (contactID, contactTitle, phoneNumber, emailAddress) VALUES
	(0, 'Katrina Hobbs', '+46707206517', 'lisahill@example.net'),
	(1, 'Mary Cooper', '+46732840281', 'wayala@example.net'),
	(2, 'Tina Smith', '+46755503623', 'dustin71@example.org'),
	(3, 'Amber Snyder MD', '+46703608150', 'hollandchristina@example.org'),
	(4, 'Elizabeth Allen', '+46787857882', 'jonathan89@example.net'),
	(5, 'Laura Wyatt', '+46717405881', 'shelbyowens@example.net'),
	(6, 'Mr. Michael Roberts DDS', '+46791025940', 'larrylopez@example.com'),
	(7, 'Stephanie James', '+46727067965', 'staceyclark@example.com'),
	(8, 'Eric Leon', '+46767738084', 'rowlandpatricia@example.net'),
	(9, 'Susan Smith', '+46754078315', 'ericjensen@example.com'),
	(10, 'Laura Grant', '+46701110502', 'taylordunn@example.com'),
	(11, 'Amber Woods', '+46747753868', 'smithfaith@example.net'),
	(12, 'Marcus Velazquez', '+46721656745', 'michaelwood@example.net'),
	(13, 'Karen Anderson', '+46797763603', 'kristopherkirk@example.com'),
	(14, 'Wayne Wang', '+46716464169', 'alexanderchristopher@example.net'),
	(15, 'Monica Bridges', '+46719748348', 'irwinamanda@example.org'),
	(16, 'Lisa Long', '+46756837139', 'bellkelly@example.org'),
	(17, 'Annette Jones', '+46790460643', 'ginafischer@example.org'),
	(18, 'Tonya Hanna', '+46717024744', 'wwade@example.net'),
	(19, 'Daniel Welch', '+46718580301', 'bhughes@example.org'),
	(20, 'Joseph Johnson', '+46716136253', 'jeanette12@example.net'),
	(21, 'Bryan Gonzalez', '+46704623769', 'darren40@example.net'),
	(22, 'James Jackson', '+46733346804', 'lmoore@example.net'),
	(23, 'Chris Cole', '+46746920503', 'kimberlyjackson@example.net'),
	(24, 'Bonnie Kennedy', '+46765120124', 'cfernandez@example.com'),
	(25, 'Marie Fitzgerald', '+46761483514', 'jimmy58@example.org'),
	(26, 'Kevin Lawrence', '+46779265359', 'efranklin@example.net'),
	(27, 'Brian Hall', '+46726362163', 'jmccullough@example.net'),
	(28, 'Christopher Watts', '+46710542940', 'douglas61@example.org'),
	(29, 'Victor Rodriguez', '+46759986323', 'clarkheather@example.com'),
	(30, 'Theresa Allen', '+46702714431', 'leemark@example.com'),
	(31, 'April Sweeney', '+46778163887', 'rkrueger@example.org'),
	(32, 'Kristen Garcia', '+46780006358', 'ssmith@example.com'),
	(33, 'David Hancock', '+46786706373', 'robertjordan@example.com'),
	(34, 'Bradley Douglas', '+46781935874', 'chad59@example.org'),
	(35, 'Rachel Smith', '+46789494194', 'turnercraig@example.org'),
	(36, 'Jill Knapp', '+46756057380', 'wrightbrittney@example.com'),
	(37, 'Natasha Mata', '+46795519045', 'jacquelineadams@example.com'),
	(38, 'Erika Morales', '+46717921935', 'whitepam@example.org'),
	(39, 'James Bailey', '+46727784644', 'carrollrobert@example.com'),
	(40, 'Theresa Olsen', '+46700120126', 'imorse@example.org'),
	(41, 'Bryan Harmon DDS', '+46782991544', 'gonzalezhenry@example.com'),
	(42, 'Adam Bowen', '+46734086817', 'pamela82@example.net'),
	(43, 'Robert Contreras', '+46717716954', 'skinnerjessica@example.net'),
	(44, 'Kara Rivera', '+46734846756', 'thompsonsamantha@example.org'),
	(45, 'Mrs. Holly Mitchell', '+46783754094', 'adamsanita@example.net'),
	(46, 'Antonio Dawson', '+46794097127', 'calderonsamantha@example.org'),
	(47, 'Jessica Roberts', '+46764214951', 'mason92@example.net');

INSERT INTO Instrument (instrumentID, type, brand, price, monthRented, yearRented) VALUES
	(0, 'harmonica', 'IKEA', 138, 8, 2020),
	(1, 'guitar', 'home made', 408, 7, 2019),
	(2, 'bass', 'IKEA', 43, 4, 2019),
	(3, 'theremin', 'IKEA', 196, 12, 2019),
	(4, 'piano', 'Stradivarius', 347, 2, 2019),
	(5, 'flute', 'home made', 112, 2, 2019),
	(6, 'theremin', 'home made', 24, 5, 2020),
	(7, 'spoon', 'IKEA', 348, 5, 2022),
	(8, 'theremin', 'IKEA', 6, 3, 2022),
	(9, 'piano', 'Stradivarius', 489, 7, 2020),
	(10, 'saw', 'Flying Tiger', 312, 5, 2022),
	(11, 'piano', 'home made', 440, 1, 2021),
	(12, 'spoon', 'Stradivarius', 256, 1, 2021),
	(13, 'bass', 'IKEA', 322, 4, 2020),
	(14, 'saw', 'Stradivarius', 65, 2, 2021),
	(15, 'theremin', 'Flying Tiger', 171, 4, 2021),
	(16, 'spoon', 'Stradivarius', 50, NULL, NULL),
	(17, 'harmonica', 'Flying Tiger', 320, 2, 2020),
	(18, 'theremin', 'Stradivarius', 6, NULL, NULL),
	(19, 'drums', 'home made', 18, 6, 2019),
	(20, 'bass', 'Flying Tiger', 436, NULL, NULL),
	(21, 'drums', 'home made', 386, 6, 2021),
	(22, 'saw', 'Stradivarius', 204, 7, 2021),
	(23, 'piano', 'Flying Tiger', 262, 5, 2019),
	(24, 'drums', 'Flying Tiger', 48, 12, 2020),
	(25, 'theremin', 'home made', 17, NULL, NULL),
	(26, 'piano', 'IKEA', 282, 2, 2022),
	(27, 'theremin', 'home made', 469, NULL, NULL),
	(28, 'bass', 'Flying Tiger', 362, NULL, NULL),
	(29, 'drums', 'Flying Tiger', 45, NULL, NULL),
	(30, 'drums', 'Stradivarius', 475, NULL, NULL),
	(31, 'flute', 'Stradivarius', 127, 4, 2019),
	(32, 'theremin', 'Stradivarius', 403, NULL, NULL),
	(33, 'piano', 'Stradivarius', 187, 12, 2022),
	(34, 'piano', 'Flying Tiger', 80, NULL, NULL),
	(35, 'flute', 'home made', 291, 8, 2021),
	(36, 'saw', 'IKEA', 31, NULL, NULL),
	(37, 'flute', 'IKEA', 153, NULL, NULL),
	(38, 'guitar', 'Flying Tiger', 247, 4, 2020),
	(39, 'guitar', 'Flying Tiger', 205, 7, 2020),
	(40, 'flute', 'home made', 481, NULL, NULL),
	(41, 'theremin', 'home made', 422, NULL, NULL),
	(42, 'bass', 'Flying Tiger', 370, NULL, NULL),
	(43, 'theremin', 'Flying Tiger', 176, NULL, NULL),
	(44, 'guitar', 'Flying Tiger', 271, NULL, NULL),
	(45, 'saw', 'IKEA', 241, NULL, NULL),
	(46, 'spoon', 'Flying Tiger', 393, NULL, NULL),
	(47, 'bass', 'Stradivarius', 20, NULL, NULL),
	(48, 'piano', 'Flying Tiger', 434, NULL, NULL),
	(49, 'theremin', 'Flying Tiger', 263, NULL, NULL),
	(50, 'bass', 'Flying Tiger', 257, NULL, NULL),
	(51, 'piano', 'IKEA', 160, NULL, NULL),
	(52, 'piano', 'IKEA', 392, NULL, NULL),
	(53, 'saw', 'Stradivarius', 420, NULL, NULL),
	(54, 'piano', 'home made', 239, NULL, NULL),
	(55, 'spoon', 'home made', 83, NULL, NULL),
	(56, 'theremin', 'Flying Tiger', 30, NULL, NULL),
	(57, 'flute', 'IKEA', 459, NULL, NULL),
	(58, 'saw', 'IKEA', 105, NULL, NULL),
	(59, 'drums', 'Stradivarius', 188, NULL, NULL),
	(60, 'guitar', 'Stradivarius', 285, NULL, NULL),
	(61, 'spoon', 'home made', 83, NULL, NULL),
	(62, 'spoon', 'Stradivarius', 126, NULL, NULL),
	(63, 'saw', 'home made', 249, NULL, NULL),
	(64, 'bass', 'Stradivarius', 285, NULL, NULL),
	(65, 'flute', 'Stradivarius', 263, NULL, NULL);

INSERT INTO Price (lessonType, cost) VALUES
	(0, 49),
	(1, 39),
	(2, 29);

INSERT INTO Skill (skill, title) VALUES
	(0, 'beginner'),
	(1, 'intermediate'),
	(2, 'advanced');

INSERT INTO LessonType (type, title) VALUES
	(0, 'individual'),
	(1, 'group'),
	(2, 'ensamble');

INSERT INTO Person (personID, teacherID, addressID, personNumber, fullName) VALUES
	(0, 0, 0, '19661141455', 'William Figueroa'),
	(1, 1, 1, '197411243880', 'Timothy Marshall'),
	(2, 2, 2, '1964753631', 'Jose Garcia'),
	(3, 3, 3, '1994536729', 'Laura Daniels'),
	(4, 4, 4, '199810172872', 'Tanya Davis'),
	(5, 5, 5, '19967112973', 'Sarah Roy'),
	(6, 6, 6, '19779205744', 'Sara Benitez'),
	(7, 7, 7, '19973236784', 'Daniel Smith'),
	(8, 8, 8, '198810226083', 'Michael Hall'),
	(9, 9, 9, '20076187769', 'Amber Gray'),
	(10, 10, 10, '19636111186', 'Christopher Doyle'),
	(11, 11, 11, '199811119475', 'Susan Allen'),
	(12, 12, 12, '1972636934', 'Evan Willis'),
	(13, 13, 13, '19712302765', 'Sandra Lee'),
	(14, 14, 14, '19867207622', 'Jocelyn Austin'),
	(15, 15, 15, '199512143941', 'Anne Wilson'),
	(16, 16, 16, '19768199070', 'Mark Santos'),
	(17, 17, 17, '201210185171', 'Lisa Burch'),
	(18, 18, 18, '1982268620', 'Daniel Castaneda'),
	(19, 19, 19, '200010127487', 'Amy Gonzalez'),
	(20, 20, 20, '1962873711', 'Tracy Gutierrez'),
	(21, 21, 21, '19695201254', 'Sylvia Elliott'),
	(22, 22, 22, '19831255391', 'Jason Lindsey'),
	(23, 23, 23, '196010137324', 'Joseph Olsen'),
	(24, 24, 24, '201112183120', 'Alexander Ross'),
	(25, 25, 25, '1996221069', 'Christopher Glenn'),
	(26, 26, 26, '19626203637', 'Drew Jones'),
	(27, 27, 27, '1969564558', 'Ronald Gutierrez'),
	(28, 28, 28, '19798108767', 'Kimberly Gonzalez'),
	(29, 29, 29, '1971677016', 'Brian Morrison'),
	(30, 30, 30, '201510206230', 'Sara Phillips'),
	(31, 31, 31, '19628125324', 'John Mcdaniel'),
	(32, 32, 32, '199112207986', 'Billy Strickland'),
	(33, 33, 33, '19775259662', 'Tony Hernandez'),
	(34, 34, 34, '19835307847', 'Michelle Wilson'),
	(35, 35, 35, '20021168931', 'Kristina Boyd'),
	(36, 36, 36, '1983565621', 'Caitlin Chambers'),
	(37, 37, 37, '1970222297', 'James Brown'),
	(38, 38, 38, '200211261243', 'Robin Hayes'),
	(39, 39, 39, '196311233195', 'Debra Snyder'),
	(40, 0, 40, '19644199764', 'Cory Cowan'),
	(41, 1, 41, '1985785914', 'Richard Rocha'),
	(42, 2, 42, '19677224413', 'Christine Cook'),
	(43, 3, 43, '2013828103', 'Alan Matthews'),
	(44, 4, 44, '19866268024', 'Gregory Schultz'),
	(45, 5, 45, '1973425843', 'Cynthia Patterson'),
	(46, 6, 46, '1974741461', 'William Barnes'),
	(47, 7, 47, '19806275032', 'Rebecca Smith'),
	(48, 8, 48, '200312181848', 'David Kelley'),
	(49, 9, 49, '20076198382', 'Pamela Davis'),
	(50, 10, 50, '19695113086', 'Brittany Brown'),
	(51, 11, 51, '199811296342', 'Deborah Barker'),
	(52, 12, 52, '196310296361', 'Dean Smith'),
	(53, 13, 53, '19866164206', 'Thomas Mason'),
	(54, 14, 54, '1998831570', 'Sabrina Norton'),
	(55, 15, 55, '19818172046', 'Robert Anderson'),
	(56, 16, 56, '197012119394', 'Sara Mata'),
	(57, 17, 57, '19891172911', 'Samuel Davis'),
	(58, 18, 58, '19738144733', 'Jonathan Carr'),
	(59, 19, 59, '19641192913', 'Mary Lopez'),
	(60, 20, 60, '197311189219', 'Michael Grant'),
	(61, 21, 61, '1960347463', 'Kelly Conway'),
	(62, 22, 62, '19951271636', 'Jerry Cohen'),
	(63, 23, 63, '19935102559', 'Eric Webb'),
	(64, 24, 64, '20014202113', 'Juan Webster'),
	(65, 25, 65, '19799219071', 'Jason Sullivan'),
	(66, 26, 66, '20029247470', 'Juan Smith'),
	(67, 27, 67, '198510303918', 'Calvin Smith'),
	(68, 28, 68, '2005357439', 'Kelly Butler'),
	(69, 29, 69, '1974988208', 'Kelly Heath'),
	(70, 30, 70, '19661157553', 'Steve Carter'),
	(71, 31, 71, '196110203703', 'Cameron Stevens'),
	(72, 32, 72, '201210168025', 'Stephanie Lawrence'),
	(73, 33, 73, '2003426469', 'Nancy Wheeler'),
	(74, 34, 74, '199012299410', 'Thomas Mendoza'),
	(75, 35, 75, '19743227666', 'Nichole Mendoza'),
	(76, 36, 76, '20017151801', 'Robert Tucker'),
	(77, 37, 77, '19978171595', 'Richard Perez'),
	(78, 38, 78, '199911273545', 'Karen Small'),
	(79, 39, 79, '20145185312', 'Joseph Hayden'),
	(80, 40, 80, '19601261924', 'Becky Harmon'),
	(81, 41, 81, '19932278243', 'Jessica Wright'),
	(82, 42, 82, '19648245454', 'Bryan Campos'),
	(83, 43, 83, '19601245594', 'Samuel Petersen'),
	(84, 44, 84, '1970775741', 'Nicholas Johnson'),
	(85, 45, 85, '198612251848', 'Stephanie Moody'),
	(86, 46, 86, '19783218077', 'Sarah Mclaughlin'),
	(87, 47, 87, '2000752400', 'Karen James'),
	(88, 48, 0, '196412184532', 'Michele Mcintyre'),
	(89, 49, 1, '20025225045', 'Michele Cameron'),
	(90, 50, 2, '2006763048', 'Richard Baker'),
	(91, 51, 3, '19812216256', 'Terry Robles'),
	(92, 52, 4, '1987144685', 'Douglas Bailey'),
	(93, 53, 5, '1965796710', 'Juan Reese'),
	(94, 54, 6, '19673223370', 'Jasmine Clarke'),
	(95, 55, 7, '19898124173', 'Sarah Smith'),
	(96, 56, 8, '19601128191', 'Adam Caldwell'),
	(97, 57, 9, '19791301992', 'Lisa Jordan'),
	(98, 58, 10, '196511222067', 'Phillip Martin'),
	(99, 59, 11, '19938264942', 'Rachel Jacobs');

INSERT INTO KnownInstruments (personID, instrument) VALUES
	(0, 'spoon'),
	(1, 'flute'),
	(2, 'piano'),
	(3, 'flute'),
	(4, 'theremin'),
	(5, 'flute'),
	(6, 'drums'),
	(7, 'saw'),
	(8, 'drums'),
	(9, 'harmonica'),
	(10, 'singing'),
	(11, 'singing'),
	(12, 'singing'),
	(13, 'flute'),
	(14, 'saw'),
	(15, 'saw'),
	(16, 'piano'),
	(17, 'piano'),
	(18, 'theremin'),
	(19, 'guitar'),
	(20, 'singing'),
	(21, 'bass'),
	(22, 'flute'),
	(23, 'theremin'),
	(24, 'harmonica'),
	(25, 'flute'),
	(26, 'guitar'),
	(27, 'guitar'),
	(28, 'flute'),
	(29, 'singing'),
	(30, 'spoon'),
	(31, 'guitar'),
	(32, 'bass'),
	(33, 'bass'),
	(34, 'guitar'),
	(35, 'drums'),
	(36, 'bass'),
	(37, 'drums'),
	(38, 'singing'),
	(39, 'singing'),
	(40, 'harmonica'),
	(41, 'harmonica'),
	(42, 'drums'),
	(43, 'piano'),
	(44, 'saw'),
	(45, 'bass'),
	(46, 'harmonica'),
	(47, 'flute'),
	(48, 'harmonica'),
	(49, 'piano'),
	(50, 'singing'),
	(51, 'theremin'),
	(52, 'flute'),
	(53, 'singing'),
	(54, 'piano'),
	(55, 'singing'),
	(56, 'drums'),
	(57, 'theremin'),
	(58, 'piano'),
	(59, 'piano'),
	(60, 'saw'),
	(61, 'harmonica'),
	(62, 'flute'),
	(63, 'guitar'),
	(64, 'theremin'),
	(65, 'saw'),
	(66, 'bass'),
	(67, 'drums'),
	(68, 'singing'),
	(69, 'singing'),
	(70, 'piano'),
	(71, 'spoon'),
	(72, 'guitar'),
	(73, 'theremin'),
	(74, 'guitar'),
	(75, 'spoon'),
	(76, 'spoon'),
	(77, 'spoon'),
	(78, 'saw'),
	(79, 'drums'),
	(80, 'singing'),
	(81, 'theremin'),
	(82, 'piano'),
	(83, 'bass'),
	(84, 'guitar'),
	(85, 'saw'),
	(86, 'saw'),
	(87, 'piano'),
	(88, 'theremin'),
	(89, 'piano'),
	(90, 'spoon'),
	(91, 'theremin'),
	(92, 'bass'),
	(93, 'drums'),
	(94, 'spoon'),
	(95, 'bass'),
	(96, 'drums'),
	(97, 'bass'),
	(98, 'singing'),
	(99, 'theremin'),
	(0, 'drums'),
	(1, 'guitar'),
	(2, 'theremin'),
	(3, 'saw'),
	(4, 'drums'),
	(5, 'guitar'),
	(6, 'harmonica'),
	(7, 'singing'),
	(8, 'guitar'),
	(9, 'singing'),
	(10, 'saw'),
	(11, 'drums'),
	(12, 'guitar'),
	(13, 'guitar'),
	(14, 'spoon'),
	(15, 'theremin'),
	(16, 'harmonica'),
	(17, 'flute'),
	(18, 'saw'),
	(19, 'drums'),
	(20, 'piano'),
	(21, 'guitar'),
	(22, 'spoon'),
	(23, 'piano'),
	(24, 'piano'),
	(25, 'guitar'),
	(26, 'spoon'),
	(27, 'theremin'),
	(28, 'theremin'),
	(29, 'theremin'),
	(30, 'singing'),
	(31, 'piano'),
	(32, 'spoon'),
	(33, 'flute'),
	(34, 'flute'),
	(35, 'saw'),
	(36, 'guitar'),
	(37, 'harmonica'),
	(38, 'harmonica'),
	(39, 'piano'),
	(40, 'spoon'),
	(41, 'drums'),
	(42, 'spoon'),
	(43, 'drums'),
	(44, 'guitar'),
	(45, 'harmonica'),
	(46, 'saw'),
	(47, 'drums'),
	(48, 'piano'),
	(49, 'flute');

INSERT INTO PersonContact (personID, contactID) VALUES
	(40, 0),
	(41, 1),
	(42, 2),
	(43, 3),
	(44, 4),
	(45, 5),
	(46, 6),
	(47, 7),
	(48, 8),
	(49, 9),
	(50, 10),
	(51, 11),
	(52, 12),
	(53, 13),
	(54, 14),
	(55, 15),
	(56, 16),
	(57, 17),
	(58, 18),
	(59, 19),
	(60, 20),
	(61, 21),
	(62, 22),
	(63, 23),
	(64, 24),
	(65, 25),
	(66, 26),
	(67, 27),
	(68, 28),
	(69, 29),
	(70, 30),
	(71, 31),
	(72, 32),
	(73, 33),
	(74, 34),
	(75, 35),
	(76, 36),
	(77, 37),
	(78, 38),
	(79, 39),
	(80, 40),
	(81, 41),
	(82, 42),
	(83, 43),
	(84, 44),
	(85, 45),
	(86, 46),
	(87, 47),
	(88, 0),
	(89, 1),
	(90, 2),
	(91, 3),
	(92, 4),
	(93, 5),
	(94, 6),
	(95, 7),
	(96, 8),
	(97, 9),
	(98, 10),
	(99, 11);

INSERT INTO Teacher (teacherID, personID, teachesEnsambles) VALUES
	(0, 0, 1),
	(1, 1, 1),
	(2, 2, 1),
	(3, 3, 1),
	(4, 4, 1),
	(5, 5, 1),
	(6, 6, 1),
	(7, 7, 1),
	(8, 8, 1),
	(9, 9, 1),
	(10, 10, 0),
	(11, 11, 1),
	(12, 12, 1),
	(13, 13, 1),
	(14, 14, 1),
	(15, 15, 1),
	(16, 16, 1),
	(17, 17, 1),
	(18, 18, 1),
	(19, 19, 1),
	(20, 20, 0),
	(21, 21, 1),
	(22, 22, 1),
	(23, 23, 1),
	(24, 24, 1),
	(25, 25, 1),
	(26, 26, 1),
	(27, 27, 1),
	(28, 28, 1),
	(29, 29, 1),
	(30, 30, 1),
	(31, 31, 0),
	(32, 32, 1),
	(33, 33, 1),
	(34, 34, 1),
	(35, 35, 1),
	(36, 36, 1),
	(37, 37, 1),
	(38, 38, 1),
	(39, 39, 1);

INSERT INTO Student (studentID, personID, admitted) VALUES
	(0, 40, 1),
	(1, 41, 1),
	(2, 42, 1),
	(3, 43, 1),
	(4, 44, 1),
	(5, 45, 1),
	(6, 46, 1),
	(7, 47, 1),
	(8, 48, 1),
	(9, 49, 0),
	(10, 50, 1),
	(11, 51, 0),
	(12, 52, 1),
	(13, 53, 1),
	(14, 54, 1),
	(15, 55, 1),
	(16, 56, 0),
	(17, 57, 1),
	(18, 58, 1),
	(19, 59, 1),
	(20, 60, 0),
	(21, 61, 1),
	(22, 62, 1),
	(23, 63, 1),
	(24, 64, 1),
	(25, 65, 1),
	(26, 66, 1),
	(27, 67, 1),
	(28, 68, 1),
	(29, 69, 1),
	(30, 70, 1),
	(31, 71, 0),
	(32, 72, 1),
	(33, 73, 1),
	(34, 74, 1),
	(35, 75, 1),
	(36, 76, 1),
	(37, 77, 0),
	(38, 78, 1),
	(39, 79, 1),
	(40, 80, 1),
	(41, 81, 0),
	(42, 82, 1),
	(43, 83, 1),
	(44, 84, 1),
	(45, 85, 1),
	(46, 86, 1),
	(47, 87, 1);

INSERT INTO Lesson (lessonID, skill, lessonType, teacherID) VALUES
	(0, 0, 1, 7),
	(1, 2, 1, 18),
	(2, 0, 0, 20),
	(3, 0, 0, 19),
	(4, 2, 1, 14),
	(5, 2, 1, 11),
	(6, 2, 0, 25),
	(7, 2, 2, 15),
	(8, 0, 0, 14),
	(9, 0, 0, 37),
	(10, 2, 1, 28),
	(11, 1, 1, 0),
	(12, 0, 0, 17),
	(13, 2, 0, 36),
	(14, 0, 0, 37),
	(15, 0, 2, 23),
	(16, 1, 0, 19),
	(17, 2, 1, 30),
	(18, 0, 0, 3),
	(19, 0, 1, 12),
	(20, 1, 0, 1),
	(21, 1, 0, 24),
	(22, 2, 1, 29),
	(23, 2, 0, 13),
	(24, 0, 0, 11),
	(25, 1, 1, 21),
	(26, 1, 0, 8),
	(27, 0, 1, 26),
	(28, 0, 1, 18),
	(29, 0, 1, 30),
	(30, 0, 1, 30),
	(31, 1, 1, 20),
	(32, 0, 2, 14),
	(33, 1, 1, 24),
	(34, 2, 0, 29),
	(35, 2, 0, 26),
	(36, 2, 2, 26),
	(37, 1, 2, 18);

INSERT INTO Siblings (studentID, siblingID) VALUES
	(88, 0),
	(89, 1),
	(90, 2),
	(91, 3),
	(92, 4),
	(93, 5),
	(94, 6),
	(95, 7),
	(96, 8),
	(97, 9),
	(98, 10),
	(99, 11);

INSERT INTO StudentInstrument (studentID, instrumentID) VALUES
	(0, 0),
	(1, 17),
	(2, 19),
	(3, 4),
	(4, 10),
	(5, 2),
	(7, 5),
	(9, 9),
	(11, 3),
	(12, 31),
	(14, 11),
	(16, 21),
	(17, 6),
	(18, 23),
	(19, 26),
	(20, 14),
	(22, 35),
	(23, 1),
	(24, 8),
	(25, 22),
	(26, 13),
	(27, 24),
	(30, 33),
	(31, 7),
	(32, 38),
	(33, 15),
	(34, 39),
	(35, 12);

INSERT INTO GroupLesson (lessonID, maxStudents, minStudents, instrument) VALUES
	(0, 3, 2, 'bass'),
	(1, 5, 2, 'singing'),
	(4, 10, 3, 'singing'),
	(5, 5, 3, 'piano'),
	(10, 4, 2, 'piano'),
	(11, 10, 2, 'drums'),
	(17, 7, 3, 'piano'),
	(19, 3, 3, 'bass'),
	(22, 5, 3, 'saw'),
	(25, 10, 3, 'spoon'),
	(27, 7, 2, 'guitar'),
	(28, 10, 4, 'spoon'),
	(29, 10, 4, 'saw'),
	(30, 7, 4, 'theremin'),
	(31, 3, 2, 'drums'),
	(33, 8, 2, 'bass');

INSERT INTO Ensamble (lessonID, minStudents, maxStudents, genre) VALUES
	(7, 3, 3, 'folk'),
	(15, 4, 7, 'folk'),
	(32, 4, 4, 'jazz'),
	(36, 3, 3, 'folk'),
	(37, 4, 6, 'electronica');

INSERT INTO IndividualLesson (lessonID, instrument) VALUES
	(2, 'spoon'),
	(3, 'harmonica'),
	(6, 'piano'),
	(8, 'singing'),
	(9, 'bass'),
	(12, 'piano'),
	(13, 'flute'),
	(14, 'singing'),
	(16, 'theremin'),
	(18, 'bass'),
	(20, 'flute'),
	(21, 'piano'),
	(23, 'bass'),
	(24, 'saw'),
	(26, 'guitar'),
	(34, 'theremin'),
	(35, 'saw');

INSERT INTO StudentLesson (studentID, lessonID) VALUES
	(7, 0),
	(3, 0),
	(22, 0),
	(27, 1),
	(33, 1),
	(28, 1),
	(35, 1),
	(4, 2),
	(49, 3),
	(56, 4),
	(10, 4),
	(37, 4),
	(32, 5),
	(39, 5),
	(5, 5),
	(14, 6),
	(7, 7),
	(47, 7),
	(42, 7),
	(18, 8),
	(7, 9),
	(23, 10),
	(21, 10),
	(21, 11),
	(4, 11),
	(42, 11),
	(35, 12),
	(2, 13),
	(37, 14),
	(45, 15),
	(4, 15),
	(13, 15),
	(2, 15),
	(7, 16),
	(50, 17),
	(40, 17),
	(29, 17),
	(2, 17),
	(11, 17),
	(45, 17),
	(42, 18),
	(20, 19),
	(36, 19),
	(34, 19),
	(21, 20),
	(29, 21),
	(57, 22),
	(19, 22),
	(55, 22),
	(37, 23),
	(27, 24),
	(54, 25),
	(34, 25),
	(33, 25),
	(44, 25),
	(12, 25),
	(36, 25),
	(13, 25),
	(50, 25),
	(8, 25),
	(29, 25),
	(58, 26),
	(56, 27),
	(58, 27),
	(57, 27),
	(39, 28),
	(2, 28),
	(36, 28),
	(51, 28),
	(38, 28),
	(51, 29),
	(36, 29),
	(7, 29),
	(52, 29),
	(37, 29),
	(12, 29),
	(28, 30),
	(36, 30),
	(48, 30),
	(2, 30),
	(1, 30),
	(41, 30),
	(37, 30),
	(22, 31),
	(26, 31),
	(23, 32),
	(39, 32),
	(49, 32),
	(14, 32),
	(40, 33),
	(1, 33),
	(16, 33),
	(20, 33),
	(31, 33),
	(8, 33),
	(15, 34),
	(16, 35),
	(12, 36),
	(45, 36),
	(17, 36),
	(59, 37),
	(5, 37),
	(38, 37),
	(14, 37),
	(57, 37),
	(25, 37);

INSERT INTO TimeSlot (timeSlotID, teacherID, date, time) VALUES
	(0, 0, '1970-05-01', '17:32:41'),
	(1, 1, '1985-01-28', '04:57:29'),
	(2, 2, '1972-04-20', '16:43:39'),
	(3, 3, '2012-12-16', '00:30:17'),
	(4, 4, '1987-07-31', '18:20:25'),
	(5, 5, '1976-10-22', '00:56:33'),
	(6, 6, '1978-12-16', '00:02:58'),
	(7, 7, '2019-10-21', '18:06:11'),
	(8, 8, '2007-11-28', '05:20:33'),
	(9, 9, '1997-05-23', '14:53:56'),
	(10, 10, '2009-10-11', '07:08:37'),
	(11, 11, '1975-08-14', '04:32:19'),
	(12, 12, '1987-04-04', '08:08:48'),
	(13, 13, '1978-02-10', '16:08:09'),
	(14, 14, '1999-11-20', '20:57:16'),
	(15, 15, '1999-04-28', '16:17:47'),
	(16, 16, '1976-02-24', '12:12:17'),
	(17, 17, '1979-12-12', '15:42:42'),
	(18, 18, '2016-03-12', '06:50:58'),
	(19, 19, '2012-03-15', '10:58:49'),
	(20, 20, '1988-01-07', '19:27:46'),
	(21, 21, '2010-06-10', '10:21:03'),
	(22, 22, '1971-09-22', '10:27:38'),
	(23, 23, '1977-11-04', '05:03:06'),
	(24, 24, '2020-12-27', '06:29:07'),
	(25, 25, '2021-01-16', '03:43:28'),
	(26, 26, '1980-09-16', '23:21:11'),
	(27, 27, '2018-02-09', '00:37:40'),
	(28, 28, '1978-11-17', '04:00:40'),
	(29, 29, '2018-02-28', '07:23:23'),
	(30, 30, '1983-11-21', '11:51:41'),
	(31, 31, '2006-01-05', '20:54:27'),
	(32, 32, '1971-08-31', '14:36:47'),
	(33, 33, '2012-05-29', '18:30:14'),
	(34, 34, '1974-03-18', '11:53:05'),
	(35, 35, '1998-11-28', '06:24:57'),
	(36, 36, '2006-09-05', '17:53:41'),
	(37, 37, '2002-11-23', '16:57:00'),
	(38, 38, '1996-08-17', '11:53:05'),
	(39, 39, '1977-01-21', '20:04:19');

INSERT INTO LessonTimeSlot (lessonID, timeSlotID) VALUES
	(0, 0),
	(1, 1),
	(2, 2),
	(3, 3),
	(4, 4),
	(5, 5),
	(6, 6),
	(7, 7),
	(8, 8),
	(9, 9),
	(10, 10),
	(11, 11),
	(12, 12),
	(13, 13),
	(14, 14),
	(15, 15),
	(16, 16),
	(17, 17),
	(18, 18),
	(19, 19),
	(20, 20),
	(21, 21),
	(22, 22),
	(23, 23),
	(24, 24),
	(25, 25),
	(26, 26),
	(27, 27),
	(28, 28),
	(29, 29),
	(30, 30),
	(31, 31),
	(32, 32),
	(33, 33),
	(34, 34),
	(35, 35),
	(36, 36),
	(37, 37);
